date,open,high,low,close,volume,Name
2019-01-02,101.12,102.45,100.98,101.57,35329300,MSFT
2019-01-03,101.21,101.99,97.42,97.97,42579100,MSFT
2019-01-04,98.64,102.51,98.54,101.93,44060600,MSFT
2019-01-07,101.85,103.27,100.98,102.06,35656100,MSFT
2019-01-08,102.55,103.97,101.71,102.8,31514400,MSFT
2019-01-09,103.21,104.88,103.24,104.27,32426100,MSFT
2019-01-10,104.01,104.23,102.38,103.6,30067600,MSFT
2019-01-11,103.4,103.44,101.64,102.8,28314000,MSFT
2019-01-14,102.98,103.11,101.26,102.05,28437100,MSFT
2019-01-15,102.1,105.05,101.88,105.01,31587600,MSFT
2019-01-16,105.24,106.26,104.96,105.38,29853900,MSFT
2019-01-17,105.87,106.58,104.78,106.12,28393000,MSFT
2019-01-18,106.55,107.9,105.91,107.71,37759400,MSFT
2019-01-22,107.11,107.59,104.86,105.68,32371300,MSFT
2019-01-23,106.01,107.34,105.35,106.71,25874300,MSFT
2019-01-24,106.99,107.0,105.34,106.22,23202400,MSFT
2019-01-25,106.54,107.88,106.2,107.17,26420100,MSFT
2019-01-28,106.87,106.91,104.66,105.08,29476700,MSFT
2019-01-29,104.99,105.21,102.16,102.94,31490500,MSFT
2019-01-30,104.62,106.38,104.33,106.38,49471900,MSFT
2019-01-31,103.8,105.2,103.18,104.43,55636400,MSFT
2019-02-01,103.78,104.48,102.29,102.77,35535700,MSFT
2019-02-04,102.87,105.8,102.77,105.74,31315100,MSFT
2019-02-05,106.05,107.27,105.96,107.22,27092400,MSFT
2019-02-06,107.0,107.03,105.91,106.03,20609800,MSFT
2019-02-07,105.1,106.02,104.4,105.27,29752300,MSFT
2019-02-08,104.46,105.98,104.3,105.67,21913000,MSFT
2019-02-11,106.39,106.58,105.52,105.6,18396500,MSFT
2019-02-12,106.33,107.29,105.5,106.89,25633400,MSFT
2019-02-13,107.5,107.6,106.63,106.81,22384100,MSFT
2019-02-14,106.3,108.0,106.26,106.9,21784700,MSFT
2019-02-15,108.24,108.24,107.14,108.22,26318300,MSFT
2019-02-19,107.79,108.8,107.53,107.9,18122900,MSFT
2019-02-20,108.49,108.5,106.8,107.15,21557100,MSFT
2019-02-21,106.9,109.48,106.9,109.41,25773100,MSFT
2019-02-22,110.0,110.97,109.88,110.97,22413100,MSFT
2019-02-25,111.9,112.0,110.88,111.43,21235600,MSFT
2019-02-26,111.39,112.42,111.31,112.36,18335900,MSFT
2019-02-27,111.8,112.5,111.41,112.17,18032700,MSFT
2019-02-28,112.35,112.88,111.73,112.03,27091800,MSFT
2019-03-01,112.89,113.02,112.01,112.53,23501200,MSFT
2019-03-04,113.0,113.25,111.67,112.26,26543100,MSFT
2019-03-05,112.17,112.39,111.3,111.75,19538300,MSFT
2019-03-06,111.8,112.6,111.4,111.7,17329500,MSFT
2019-03-07,111.44,111.5,110.0,110.39,25224800,MSFT
2019-03-08,109.13,110.71,109.0,110.51,22818400,MSFT
2019-03-11,110.0,111.6,109.96,111.6,22063200,MSFT
2019-03-12,111.6,112.6,111.5,112.3,19835700,MSFT
2019-03-13,112.6,113.24,112.1,112.4,18392100,MSFT
2019-03-14,112.8,113.4,112.2,113.12,20381600,MSFT
2019-03-15,113.6,114.2,113.01,113.3,31342300,MSFT
2019-03-18,113.3,115.0,113.3,114.9,25785100,MSFT
2019-03-19,115.4,116.2,114.9,115.9,27534200,MSFT
2019-03-20,115.9,117.2,115.5,117.0,24661800,MSFT
2019-03-21,116.5,119.2,116.5,119.0,27443500,MSFT
2019-03-22,118.8,119.0,117.6,117.8,25845000,MSFT
2019-03-25,117.8,118.4,116.8,117.6,26092300,MSFT
2019-03-26,118.6,118.8,116.9,117.9,22752100,MSFT
2019-03-27,117.9,118.2,116.4,117.6,22833400,MSFT
2019-03-28,117.6,117.9,116.9,117.7,18241400,MSFT
2019-03-29,118.2,118.6,117.6,118.4,22733400,MSFT
2019-04-01,119.1,119.4,118.4,119.0,22733400,MSFT
2019-04-02,119.0,119.1,118.5,119.0,17333400,MSFT
2019-04-03,119.5,119.8,118.8,119.7,19912100,MSFT
2019-04-04,119.8,120.0,119.0,119.9,18045100,MSFT
2019-04-05,120.2,120.4,119.8,120.3,18045100,MSFT
2019-04-08,120.4,120.5,119.8,120.0,15112100,MSFT
2019-04-09,119.8,120.1,119.3,119.6,17843400,MSFT
2019-04-10,120.0,120.5,119.8,120.4,16335100,MSFT
2019-04-11,120.8,121.0,120.2,120.4,13633400,MSFT
2019-04-12,120.9,121.2,120.4,121.0,19912100,MSFT
2019-04-15,121.2,121.4,120.6,121.1,15112100,MSFT
2019-04-16,121.6,122.0,121.1,121.8,19912100,MSFT
2019-04-17,122.2,122.5,121.8,122.3,22733400,MSFT
2019-04-18,122.6,123.0,122.2,122.8,22733400,MSFT
2019-04-22,122.8,123.5,122.5,123.3,17333400,MSFT
2019-04-23,123.8,125.7,123.7,125.4,22733400,MSFT
2019-04-24,125.4,125.8,124.8,125.0,22733400,MSFT
2019-04-25,129.9,130.6,129.2,129.2,34312100,MSFT
2019-04-26,129.6,130.0,129.1,129.9,19912100,MSFT
2019-04-29,129.9,130.2,129.4,130.0,15112100,MSFT
2019-04-30,129.8,130.7,129.5,130.6,22733400,MSFT
2019-05-01,130.5,130.8,127.8,127.9,22733400,MSFT
2019-05-02,127.9,128.0,125.5,126.2,22733400,MSFT
2019-05-03,127.2,129.5,127.0,128.9,22733400,MSFT
2019-05-06,126.5,128.4,126.3,128.1,22733400,MSFT
2019-05-07,126.5,127.1,124.3,125.5,34312100,MSFT
2019-05-08,125.5,126.5,125.0,126.0,22733400,MSFT
2019-05-09,125.2,126.0,124.0,125.5,22733400,MSFT
2019-05-10,124.8,125.5,123.0,125.2,22733400,MSFT
2019-05-13,124.1,124.6,122.7,123.4,22733400,MSFT
2019-05-14,123.9,125.9,123.7,124.8,22733400,MSFT
2019-05-15,124.2,126.7,124.0,126.0,22733400,MSFT
2019-05-16,126.2,129.4,126.2,129.0,22733400,MSFT
2019-05-17,128.3,129.4,127.9,128.1,22733400,MSFT
2019-05-20,126.6,127.6,125.7,126.2,22733400,MSFT
2019-05-21,127.4,127.5,126.5,127.0,15112100,MSFT
2019-05-22,126.6,128.2,126.5,127.7,15112100,MSFT
2019-05-23,126.2,126.3,124.8,126.2,22733400,MSFT
2019-05-24,126.9,127.6,125.9,126.2,13633400,MSFT
2019-05-28,126.9,128.0,126.1,126.2,22733400,MSFT
2019-05-29,125.4,125.4,124.0,124.9,22733400,MSFT
2019-05-30,125.3,125.8,124.7,125.7,15112100,MSFT
2019-05-31,124.2,124.6,123.7,123.7,22733400,MSFT
2019-06-03,123.9,124.4,119.0,119.8,34312100,MSFT
2019-06-04,121.2,123.2,120.9,123.0,22733400,MSFT
2019-06-05,124.9,125.9,124.2,125.8,22733400,MSFT
2019-06-06,126.5,128.4,126.1,128.0,22733400,MSFT
2019-06-07,128.9,131.7,128.8,131.4,22733400,MSFT
2019-06-10,132.5,133.6,131.8,132.6,22733400,MSFT
2019-06-11,133.4,133.8,131.5,132.1,22733400,MSFT
2019-06-12,131.8,132.3,131.0,131.5,15112100,MSFT
2019-06-13,132.0,133.1,131.8,132.3,15112100,MSFT
2019-06-14,132.1,132.5,131.3,131.9,13633400,MSFT
2019-06-17,132.2,133.4,132.1,132.9,13633400,MSFT
2019-06-18,134.0,135.2,133.6,135.1,22733400,MSFT
2019-06-19,135.2,135.9,134.8,135.7,19912100,MSFT
2019-06-20,137.2,137.8,135.9,136.9,22733400,MSFT
2019-06-21,136.8,137.5,136.5,136.9,34312100,MSFT
2019-06-24,137.0,137.4,136.8,137.8,15112100,MSFT
2019-06-25,137.5,137.6,133.7,133.7,22733400,MSFT
2019-06-26,134.4,134.9,133.7,133.9,22733400,MSFT
2019-06-27,134.2,134.6,133.6,134.1,13633400,MSFT
2019-06-28,134.6,134.6,133.2,133.9,22733400,MSFT
2019-07-01,136.6,136.7,135.0,135.7,22733400,MSFT
2019-07-02,136.1,136.6,135.3,136.6,15112100,MSFT
2019-07-03,136.8,137.6,136.5,137.5,13633400,MSFT
2019-07-05,136.4,137.4,136.3,137.1,13633400,MSFT
2019-07-08,136.8,137.2,135.6,136.9,15112100,MSFT
2019-07-09,136.2,137.8,136.1,136.5,19912100,MSFT
2019-07-10,137.1,138.0,137.0,137.8,19912100,MSFT
2019-07-11,138.0,139.0,136.8,138.4,22733400,MSFT
2019-07-12,138.5,139.4,138.5,138.9,19912100,MSFT
2019-07-15,139.4,139.5,138.3,138.9,15112100,MSFT
2019-07-16,138.8,139.0,137.3,137.4,19912100,MSFT
2019-07-17,137.5,137.6,135.9,136.2,22733400,MSFT
2019-07-18,136.0,136.7,134.6,136.3,22733400,MSFT
2019-07-19,140.0,140.2,136.2,136.7,34312100,MSFT
2019-07-22,137.2,138.4,137.0,138.4,19912100,MSFT
2019-07-23,139.2,140.0,138.8,139.2,19912100,MSFT
2019-07-24,139.0,140.6,138.9,140.6,22733400,MSFT
2019-07-25,140.9,141.2,139.8,140.2,19912100,MSFT
2019-07-26,140.4,141.7,140.3,141.3,19912100,MSFT
2019-07-29,141.2,141.2,140.0,141.0,15112100,MSFT
2019-07-30,140.0,140.8,139.0,139.8,22733400,MSFT
2019-07-31,136.5,136.5,134.0,136.3,34312100,MSFT
2019-08-01,137.0,138.9,134.0,138.1,34312100,MSFT
2019-08-02,136.8,137.0,134.2,135.4,22733400,MSFT
2019-08-05,132.8,133.0,130.6,131.8,34312100,MSFT
2019-08-06,133.4,135.0,133.2,134.5,22733400,MSFT
2019-08-07,133.6,135.2,132.0,133.1,34312100,MSFT
2019-08-08,134.8,137.3,134.6,137.1,22733400,MSFT
2019-08-09,136.8,137.5,135.6,136.2,19912100,MSFT
2019-08-12,135.6,136.0,134.2,135.0,15112100,MSFT
2019-08-13,134.8,138.3,134.8,137.9,22733400,MSFT
2019-08-14,135.8,136.0,133.0,133.9,22733400,MSFT
2019-08-15,133.8,134.0,131.8,133.7,22733400,MSFT
2019-08-16,134.8,136.1,134.5,135.8,19912100,MSFT
2019-08-19,137.1,138.2,136.8,138.1,19912100,MSFT
2019-08-20,137.8,138.4,137.1,137.3,15112100,MSFT
2019-08-21,138.4,138.5,136.1,138.7,19912100,MSFT
2019-08-22,138.4,138.4,136.3,137.8,15112100,MSFT
2019-08-23,137.2,138.4,132.8,133.4,34312100,MSFT
2019-08-26,134.8,135.5,133.8,135.4,19912100,MSFT
2019-08-27,136.2,136.2,134.2,135.7,22733400,MSFT
2019-08-28,134.9,135.7,133.6,135.6,15112100,MSFT
2019-08-29,137.0,138.5,136.9,138.1,19912100,MSFT
2019-08-30,139.2,139.4,137.5,137.9,22733400,MSFT
2019-09-03,136.6,137.2,135.4,136.0,19912100,MSFT
2019-09-04,137.4,137.8,136.5,137.6,19912100,MSFT
2019-09-05,139.1,140.4,138.8,140.1,22733400,MSFT
2019-09-06,140.1,140.2,138.2,139.1,19912100,MSFT
2019-09-09,140.1,140.8,138.4,138.5,22733400,MSFT
2019-09-10,137.7,137.8,135.0,136.1,22733400,MSFT
2019-09-11,135.9,136.4,134.8,136.1,22733400,MSFT
2019-09-12,137.1,138.1,136.8,137.5,22733400,MSFT
2019-09-13,137.5,137.8,136.8,137.3,19912100,MSFT
2019-09-16,136.4,137.2,136.0,136.4,15112100,MSFT
2019-09-17,136.4,137.2,136.2,137.4,15112100,MSFT
2019-09-18,137.3,138.8,137.1,138.5,19912100,MSFT
2019-09-19,138.9,141.1,138.8,141.0,22733400,MSFT
2019-09-20,141.2,141.4,139.0,139.4,34312100,MSFT
2019-09-23,139.2,139.8,138.9,139.1,15112100,MSFT
2019-09-24,140.1,141.0,137.4,137.4,22733400,MSFT
2019-09-25,137.5,139.8,137.0,139.4,19912100,MSFT
2019-09-26,139.8,140.2,139.0,139.5,15112100,MSFT
2019-09-27,139.8,140.0,136.7,137.7,22733400,MSFT
2019-09-30,138.1,139.4,137.8,139.0,19912100,MSFT
2019-10-01,139.4,139.8,137.0,137.1,22733400,MSFT
2019-10-02,136.4,136.4,134.2,134.7,22733400,MSFT
2019-10-03,135.1,137.0,133.5,136.3,22733400,MSFT
2019-10-04,136.8,138.4,136.3,138.1,19912100,MSFT
2019-10-07,137.6,138.4,137.2,137.8,15112100,MSFT
2019-10-08,137.2,137.8,135.8,135.8,22733400,MSFT
2019-10-09,137.1,138.9,137.0,138.2,19912100,MSFT
2019-10-10,138.5,140.0,138.5,139.1,19912100,MSFT
2019-10-11,140.2,141.0,139.5,139.7,22733400,MSFT
2019-10-14,139.9,140.2,139.3,139.6,15112100,MSFT
2019-10-15,140.1,141.4,139.8,141.6,19912100,MSFT
2019-10-16,141.0,141.0,139.2,139.5,19912100,MSFT
2019-10-17,140.1,140.2,138.6,139.7,19912100,MSFT
2019-10-18,139.8,140.0,136.5,137.4,34312100,MSFT
2019-10-21,138.5,138.5,137.0,138.4,19912100,MSFT
2019-10-22,138.8,138.9,136.8,136.8,22733400,MSFT
2019-10-23,136.8,137.6,135.6,137.2,22733400,MSFT
2019-10-24,140.0,140.4,139.0,139.9,22733400,MSFT
2019-10-25,139.6,140.8,139.4,140.7,15112100,MSFT
2019-10-28,141.2,141.2,140.0,140.7,15112100,MSFT
2019-10-29,140.8,141.0,139.4,139.8,19912100,MSFT
2019-10-30,140.2,141.6,140.0,141.4,19912100,MSFT
2019-10-31,141.2,141.5,137.0,141.0,22733400,MSFT
2019-11-01,142.0,142.2,140.5,141.8,22733400,MSFT
2019-11-04,142.5,143.0,142.2,142.8,15112100,MSFT
2019-11-05,143.0,143.2,142.5,143.0,13633400,MSFT
2019-11-06,143.0,143.4,142.8,143.2,15112100,MSFT
2019-11-07,143.5,144.0,143.2,143.8,15112100,MSFT
2019-11-08,143.8,144.2,143.0,144.0,13633400,MSFT
2019-11-11,144.0,145.0,143.8,144.8,13633400,MSFT
2019-11-12,145.0,146.0,144.8,145.8,15112100,MSFT
2019-11-13,145.8,146.8,145.5,146.5,13633400,MSFT
2019-11-14,146.5,147.5,146.2,147.2,15112100,MSFT
2019-11-15,148.0,149.0,147.8,148.8,19912100,MSFT
2019-11-18,149.2,150.0,148.8,149.8,19912100,MSFT
2019-11-19,150.2,150.8,149.8,150.5,19912100,MSFT
2019-11-20,150.2,150.5,148.5,149.6,22733400,MSFT
2019-11-21,149.5,149.8,148.5,149.5,15112100,MSFT
2019-11-22,150.0,150.2,148.8,149.6,15112100,MSFT
2019-11-25,150.2,151.8,150.2,151.2,19912100,MSFT
2019-11-26,151.5,152.0,151.2,151.8,19912100,MSFT
2019-11-27,152.2,152.5,151.5,152.3,15112100,MSFT
2019-11-29,152.0,152.3,151.2,151.4,7633400,MSFT
2019-12-02,151.8,151.8,148.5,149.6,22733400,MSFT
2019-12-03,147.5,148.5,147.0,148.2,19912100,MSFT
2019-12-04,149.5,150.0,149.2,149.9,15112100,MSFT
2019-12-05,150.0,150.2,149.2,149.9,15112100,MSFT
2019-12-06,150.2,151.0,149.8,150.8,19912100,MSFT
2019-12-09,150.8,151.5,150.5,151.1,15112100,MSFT
2019-12-10,151.0,151.2,150.0,150.5,15112100,MSFT
2019-12-11,150.8,151.2,150.2,150.9,15112100,MSFT
2019-12-12,151.0,152.5,150.8,152.2,19912100,MSFT
2019-12-13,152.0,153.8,151.8,153.5,22733400,MSFT
2019-12-16,154.0,155.0,153.8,154.8,22733400,MSFT
2019-12-17,155.0,155.2,154.0,154.5,22733400,MSFT
2019-12-18,154.5,155.0,154.2,154.4,22733400,MSFT
2019-12-19,154.0,155.2,153.8,155.0,22733400,MSFT
2019-12-20,156.0,157.5,155.5,157.4,34312100,MSFT
2019-12-23,158.0,158.2,157.2,157.4,15112100,MSFT
2019-12-24,157.5,157.8,157.2,157.4,8989200,MSFT
2019-12-26,157.5,158.8,157.5,158.7,13633400,MSFT
2019-12-27,159.0,159.2,158.0,158.9,15112100,MSFT
2019-12-30,158.8,159.0,156.8,157.6,15112100,MSFT
2019-12-31,156.8,157.8,156.5,157.7,18369400,MSFT
2019-01-02,1513.5,1553.36,1460.93,1539.13,7983100,AMZN
2019-01-03,1520.01,1538.0,1500.36,1500.28,6975600,AMZN
2019-01-04,1530.0,1594.0,1518.31,1575.39,9182600,AMZN
2019-01-07,1602.31,1634.56,1589.19,1629.51,7993200,AMZN
2019-01-08,1664.69,1676.61,1616.61,1656.58,8881400,AMZN
2019-01-09,1660.0,1663.0,1633.31,1659.42,6513400,AMZN
2019-01-10,1641.01,1665.0,1626.01,1656.22,7067000,AMZN
2019-01-11,1644.41,1658.88,1630.0,1640.56,5851600,AMZN
2019-01-14,1620.0,1642.0,1611.5,1628.25,6078200,AMZN
2019-01-15,1643.0,1675.0,1633.0,1674.56,6923400,AMZN
2019-01-16,1683.0,1695.0,1671.0,1683.7,6513400,AMZN
2019-01-17,1680.0,1709.9,1675.0,1703.69,6078200,AMZN
2019-01-18,1718.0,1720.0,1692.0,1705.5,7067000,AMZN
2019-01-22,1690.0,1695.0,1645.0,1669.9,6513400,AMZN
2019-01-23,1675.0,1680.0,1640.0,1665.3,6078200,AMZN
2019-01-24,1665.0,1670.0,1640.0,1668.4,5851600,AMZN
2019-01-25,1680.0,1690.0,1660.0,1670.5,6513400,AMZN
2019-01-28,1650.0,1655.0,1620.0,1637.8,6078200,AMZN
2019-01-29,1630.0,1635.0,1590.0,1593.9,7067000,AMZN
2019-01-30,1600.0,1670.0,1600.0,1670.4,6513400,AMZN
2019-01-31,1690.0,1735.0,1680.0,1718.7,10910000,AMZN
2019-02-01,1630.0,1670.0,1620.0,1626.2,11910000,AMZN
2019-02-04,1630.0,1650.0,1610.0,1633.3,7067000,AMZN
2019-02-05,1640.0,1650.0,1630.0,1658.8,6513400,AMZN
2019-02-06,1670.0,1670.0,1630.0,1640.2,6078200,AMZN
2019-02-07,1620.0,1620.0,1590.0,1614.9,7067000,AMZN
2019-02-08,1580.0,1580.0,1560.0,1588.2,7983100,AMZN
2019-02-11,1600.0,1600.0,1580.0,1591.0,5851600,AMZN
2019-02-12,1600.0,1630.0,1590.0,1638.0,7067000,AMZN
2019-02-13,1650.0,1650.0,1630.0,1640.0,5851600,AMZN
2019-02-14,1620.0,1630.0,1610.0,1622.7,6078200,AMZN
2019-02-15,1620.0,1620.0,1590.0,1607.9,7067000,AMZN
2019-02-19,1600.0,1630.0,1600.0,1627.6,5851600,AMZN
2019-02-20,1630.0,1630.0,1610.0,1623.7,6078200,AMZN
2019-02-21,1620.0,1620.0,1600.0,1619.4,5851600,AMZN
2019-02-22,1620.0,1630.0,1610.0,1631.6,6513400,AMZN
2019-02-25,1640.0,1640.0,1620.0,1633.0,4990000,AMZN
2019-02-26,1630.0,1640.0,1610.0,1636.5,4440000,AMZN
2019-02-27,1630.0,1630.0,1610.0,1629.5,4990000,AMZN
2019-02-28,1630.0,1650.0,1630.0,1639.8,5851600,AMZN
2019-03-01,1650.0,1670.0,1650.0,1671.7,7067000,AMZN
2019-03-04,1680.0,1700.0,1670.0,1696.2,7983100,AMZN
2019-03-05,1700.0,1700.0,1680.0,1692.8,5851600,AMZN
2019-03-06,1690.0,1690.0,1660.0,1668.9,6513400,AMZN
2019-03-07,1660.0,1660.0,1620.0,1625.9,7067000,AMZN
2019-03-08,1600.0,1620.0,1600.0,1620.8,6078200,AMZN
2019-03-11,1620.0,1680.0,1620.0,1678.9,7067000,AMZN
2019-03-12,1680.0,1700.0,1680.0,1698.8,6513400,AMZN
2019-03-13,1710.0,1720.0,1700.0,1720.3,6078200,AMZN
2019-03-14,1720.0,1720.0,1700.0,1718.8,5851600,AMZN
2019-03-15,1730.0,1740.0,1710.0,1728.9,9182600,AMZN
2019-03-18,1730.0,1780.0,1730.0,1780.0,7983100,AMZN
2019-03-19,1780.0,1820.0,1780.0,1820.0,7067000,AMZN
2019-03-20,1820.0,1820.0,1790.0,1818.5,7983100,AMZN
2019-03-21,1820.0,1840.0,1810.0,1820.0,6513400,AMZN
2019-03-22,1800.0,1810.0,1760.0,1768.8,9182600,AMZN
2019-03-25,1750.0,1780.0,1740.0,1774.3,6975600,AMZN
2019-03-26,1790.0,1810.0,1780.0,1789.8,6513400,AMZN
2019-03-27,1790.0,1790.0,1740.0,1765.9,7067000,AMZN
2019-03-28,1770.0,1780.0,1760.0,1773.4,5851600,AMZN
2019-03-29,1780.0,1800.0,1770.0,1796.8,6078200,AMZN
2019-04-01,1810.0,1820.0,1800.0,1814.2,6513400,AMZN
2019-04-02,1810.0,1820.0,1800.0,1812.8,5851600,AMZN
2019-04-03,1820.0,1830.0,1810.0,1821.6,6078200,AMZN
2019-04-04,1820.0,1830.0,1810.0,1818.9,5851600,AMZN
2019-04-05,1820.0,1830.0,1810.0,1827.8,6078200,AMZN
2019-04-08,1820.0,1830.0,1810.0,1829.7,5851600,AMZN
2019-04-09,1830.0,1840.0,1820.0,1832.6,6078200,AMZN
2019-04-10,1830.0,1840.0,1820.0,1839.8,5851600,AMZN
2019-04-11,1840.0,1850.0,1830.0,1846.8,6078200,AMZN
2019-04-12,1840.0,1850.0,1830.0,1843.1,5851600,AMZN
2019-04-15,1840.0,1850.0,1830.0,1844.8,5851600,AMZN
2019-04-16,1850.0,1870.0,1840.0,1863.1,6078200,AMZN
2019-04-17,1860.0,1860.0,1840.0,1853.1,5851600,AMZN
2019-04-18,1850.0,1860.0,1840.0,1859.6,6078200,AMZN
2019-04-22,1850.0,1880.0,1850.0,1887.3,5851600,AMZN
2019-04-23,1890.0,1920.0,1880.0,1923.8,7067000,AMZN
2019-04-24,1920.0,1920.0,1900.0,1902.9,5851600,AMZN
2019-04-25,1930.0,1950.0,1910.0,1933.8,9182600,AMZN
2019-04-26,1900.0,1950.0,1900.0,1950.6,7067000,AMZN
2019-04-29,1940.0,1950.0,1920.0,1938.4,5851600,AMZN
2019-04-30,1930.0,1940.0,1910.0,1926.5,6078200,AMZN
2019-05-01,1930.0,1940.0,1910.0,1911.5,6078200,AMZN
2019-05-02,1910.0,1920.0,1880.0,1900.8,6078200,AMZN
2019-05-03,1940.0,1960.0,1930.0,1962.5,7983100,AMZN
2019-05-06,1910.0,1940.0,1910.0,1931.1,7067000,AMZN
2019-05-07,1920.0,1920.0,1880.0,1906.8,7983100,AMZN
2019-05-08,1900.0,1920.0,1900.0,1917.8,6078200,AMZN
2019-05-09,1890.0,1900.0,1870.0,1899.9,6078200,AMZN
2019-05-10,1890.0,1900.0,1850.0,1889.9,7067000,AMZN
2019-05-13,1830.0,1840.0,1810.0,1822.7,7067000,AMZN
2019-05-14,1830.0,1850.0,1820.0,1840.1,6078200,AMZN
2019-05-15,1830.0,1860.0,1820.0,1851.9,6078200,AMZN
2019-05-16,1850.0,1920.0,1850.0,1907.6,7983100,AMZN
2019-05-17,1890.0,1900.0,1860.0,1869.0,7067000,AMZN
2019-05-20,1850.0,1860.0,1820.0,1834.3,7067000,AMZN
2019-05-21,1850.0,1860.0,1830.0,1857.6,6078200,AMZN
2019-05-22,1850.0,1860.0,1830.0,1854.4,6078200,AMZN
2019-05-23,1830.0,1830.0,1790.0,1815.5,7983100,AMZN
2019-05-24,1820.0,1820.0,1800.0,1823.3,6078200,AMZN
2019-05-28,1820.0,1840.0,1820.0,1836.5,6078200,AMZN
2019-05-29,1830.0,1830.0,1800.0,1816.3,7067000,AMZN
2019-05-30,1820.0,1830.0,1810.0,1823.3,5851600,AMZN
2019-05-31,1790.0,1790.0,1770.0,1775.1,7067000,AMZN
2019-06-03,1760.0,1760.0,1670.0,1692.7,9182600,AMZN
2019-06-04,1700.0,1730.0,1690.0,1729.5,7067000,AMZN
2019-06-05,1750.0,1750.0,1710.0,1738.5,6513400,AMZN
2019-06-06,1730.0,1750.0,1720.0,1754.3,6078200,AMZN
2019-06-07,1760.0,1800.0,1750.0,1804.0,7983100,AMZN
2019-06-10,1820.0,1850.0,1810.0,1860.6,7067000,AMZN
2019-06-11,1880.0,1880.0,1840.0,1863.7,6513400,AMZN
2019-06-12,1860.0,1860.0,1840.0,1855.3,5851600,AMZN
2019-06-13,1860.0,1880.0,1850.0,1870.3,6078200,AMZN
2019-06-14,1860.0,1870.0,1850.0,1869.6,5851600,AMZN
2019-06-17,1870.0,1890.0,1870.0,1886.0,5851600,AMZN
2019-06-18,1900.0,1920.0,1890.0,1901.4,6078200,AMZN
2019-06-19,1900.0,1910.0,1890.0,1908.8,5851600,AMZN
2019-06-20,1920.0,1930.0,1900.0,1918.2,6078200,AMZN
2019-06-21,1910.0,1920.0,1900.0,1911.3,5851600,AMZN
2019-06-24,1910.0,1910.0,1900.0,1914.0,4990000,AMZN
2019-06-25,1910.0,1910.0,1870.0,1878.3,6078200,AMZN
2019-06-26,1890.0,1900.0,1880.0,1897.8,5851600,AMZN
2019-06-27,1900.0,1910.0,1890.0,1904.3,5851600,AMZN
2019-06-28,1900.0,1900.0,1880.0,1893.6,6078200,AMZN
2019-07-01,1920.0,1920.0,1900.0,1922.2,5851600,AMZN
2019-07-02,1920.0,1930.0,1910.0,1934.3,5851600,AMZN
2019-07-03,1930.0,1940.0,1920.0,1939.0,4990000,AMZN
2019-07-05,1930.0,1950.0,1930.0,1942.9,5851600,AMZN
2019-07-08,1930.0,1950.0,1930.0,1952.3,5851600,AMZN
2019-07-09,1940.0,1960.0,1940.0,1958.8,5851600,AMZN
2019-07-10,1970.0,1990.0,1970.0,1999.7,6078200,AMZN
2019-07-11,2010.0,2020.0,2000.0,2017.4,6078200,AMZN
2019-07-12,2020.0,2020.0,2000.0,2015.8,5851600,AMZN
2019-07-15,2020.0,2020.0,2000.0,2020.9,5851600,AMZN
2019-07-16,2010.0,2020.0,2000.0,2009.9,5851600,AMZN
2019-07-17,2010.0,2010.0,1980.0,1992.4,6078200,AMZN
2019-07-18,1980.0,1980.0,1950.0,1977.9,6078200,AMZN
2019-07-19,1990.0,1990.0,1960.0,1964.5,6078200,AMZN
2019-07-22,1970.0,1980.0,1950.0,1985.7,5851600,AMZN
2019-07-23,1990.0,2000.0,1980.0,2002.5,5851600,AMZN
2019-07-24,1960.0,2000.0,1960.0,2000.8,6078200,AMZN
2019-07-25,2000.0,2000.0,1950.0,1973.8,7067000,AMZN
2019-07-26,1940.0,1950.0,1920.0,1943.0,7983100,AMZN
2019-07-29,1930.0,1930.0,1890.0,1912.4,6078200,AMZN
2019-07-30,1890.0,1900.0,1880.0,1898.5,5851600,AMZN
2019-07-31,1890.0,1890.0,1850.0,1866.8,6078200,AMZN
2019-08-01,1870.0,1890.0,1840.0,1855.3,6078200,AMZN
2019-08-02,1840.0,1840.0,1800.0,1823.2,7067000,AMZN
2019-08-05,1770.0,1780.0,1740.0,1765.1,7983100,AMZN
2019-08-06,1780.0,1800.0,1770.0,1787.8,6078200,AMZN
2019-08-07,1770.0,1790.0,1750.0,1793.4,6078200,AMZN
2019-08-08,1800.0,1830.0,1790.0,1832.9,6078200,AMZN
2019-08-09,1820.0,1820.0,1800.0,1807.6,5851600,AMZN
2019-08-12,1790.0,1790.0,1760.0,1784.9,6078200,AMZN
2019-08-13,1780.0,1820.0,1780.0,1824.3,6078200,AMZN
2019-08-14,1790.0,1790.0,1740.0,1762.6,7067000,AMZN
2019-08-15,1780.0,1790.0,1760.0,1777.8,6078200,AMZN
2019-08-16,1790.0,1800.0,1780.0,1792.6,5851600,AMZN
2019-08-19,1810.0,1820.0,1810.0,1816.1,5851600,AMZN
2019-08-20,1810.0,1820.0,1800.0,1801.4,4990000,AMZN
2019-08-21,1820.0,1830.0,1810.0,1823.5,4990000,AMZN
2019-08-22,1820.0,1830.0,1800.0,1805.6,4990000,AMZN
2019-08-23,1790.0,1800.0,1740.0,1751.6,7067000,AMZN
2019-08-26,1760.0,1770.0,1740.0,1768.8,4990000,AMZN
2019-08-27,1770.0,1770.0,1740.0,1761.8,4990000,AMZN
2019-08-28,1760.0,1760.0,1740.0,1764.2,4990000,AMZN
2019-08-29,1780.0,1790.0,1770.0,1786.5,4990000,AMZN
2019-08-30,1800.0,1800.0,1770.0,1776.3,4990000,AMZN
2019-09-03,1770.0,1780.0,1740.0,1750.8,4990000,AMZN
2019-09-04,1770.0,1780.0,1760.0,1778.6,4990000,AMZN
2019-09-05,1800.0,1840.0,1800.0,1840.7,6078200,AMZN
2019-09-06,1830.0,1840.0,1820.0,1833.5,4990000,AMZN
2019-09-09,1840.0,1850.0,1820.0,1831.3,4990000,AMZN
2019-09-10,1820.0,1820.0,1800.0,1820.5,4990000,AMZN
2019-09-11,1810.0,1830.0,1800.0,1822.8,4990000,AMZN
2019-09-12,1830.0,1850.0,1820.0,1843.5,4990000,AMZN
2019-09-13,1840.0,1840.0,1830.0,1839.3,4990000,AMZN
2019-09-16,1830.0,1830.0,1800.0,1807.8,4990000,AMZN
2019-09-17,1800.0,1820.0,1800.0,1822.5,4990000,AMZN
2019-09-18,1820.0,1820.0,1800.0,1817.5,4990000,AMZN
2019-09-19,1820.0,1830.0,1820.0,1821.5,4990000,AMZN
2019-09-20,1820.0,1830.0,1780.0,1794.2,7067000,AMZN
2019-09-23,1780.0,1790.0,1760.0,1785.3,4990000,AMZN
2019-09-24,1790.0,1790.0,1730.0,1741.6,6078200,AMZN
2019-09-25,1740.0,1770.0,1720.0,1769.9,4990000,AMZN
2019-09-26,1760.0,1760.0,1730.0,1739.8,4990000,AMZN
2019-09-27,1740.0,1740.0,1710.0,1725.5,4990000,AMZN
2019-09-30,1720.0,1730.0,1700.0,1735.9,4990000,AMZN
2019-10-01,1740.0,1750.0,1720.0,1735.7,4990000,AMZN
2019-10-02,1720.0,1720.0,1680.0,1713.2,6078200,AMZN
2019-10-03,1710.0,1730.0,1690.0,1724.4,4990000,AMZN
2019-10-04,1720.0,1740.0,1710.0,1739.6,4990000,AMZN
2019-10-07,1730.0,1750.0,1720.0,1732.7,4990000,AMZN
2019-10-08,1720.0,1730.0,1700.0,1705.5,4990000,AMZN
2019-10-09,1720.0,1730.0,1710.0,1722.0,4990000,AMZN
2019-10-10,1730.0,1740.0,1720.0,1731.9,4990000,AMZN
2019-10-11,1740.0,1740.0,1730.0,1735.0,4990000,AMZN
2019-10-14,1730.0,1740.0,1720.0,1736.4,4990000,AMZN
2019-10-15,1740.0,1770.0,1740.0,1767.4,4990000,AMZN
2019-10-16,1770.0,1780.0,1760.0,1777.5,4990000,AMZN
2019-10-17,1780.0,1790.0,1780.0,1787.4,4990000,AMZN
2019-10-18,1780.0,1790.0,1740.0,1757.5,6078200,AMZN
2019-10-21,1760.0,1780.0,1750.0,1785.7,4990000,AMZN
2019-10-22,1780.0,1780.0,1760.0,1765.7,4990000,AMZN
2019-10-23,1760.0,1770.0,1740.0,1762.2,4990000,AMZN
2019-10-24,1770.0,1780.0,1760.0,1780.7,6078200,AMZN
2019-10-25,1750.0,1780.0,1740.0,1761.3,7067000,AMZN
2019-10-28,1750.0,1780.0,1740.0,1777.1,4990000,AMZN
2019-10-29,1770.0,1770.0,1750.0,1762.7,4990000,AMZN
2019-10-30,1760.0,1780.0,1760.0,1779.9,4990000,AMZN
2019-10-31,1770.0,1790.0,1770.0,1776.6,4990000,AMZN
2019-11-01,1780.0,1800.0,1780.0,1791.4,4990000,AMZN
2019-11-04,1800.0,1810.0,1790.0,1804.7,4990000,AMZN
2019-11-05,1800.0,1810.0,1790.0,1803.9,4990000,AMZN
2019-11-06,1800.0,1800.0,1780.0,1795.7,4990000,AMZN
2019-11-07,1800.0,1800.0,1780.0,1788.2,4990000,AMZN
2019-11-08,1780.0,1780.0,1750.0,1761.7,4990000,AMZN
2019-11-11,1750.0,1750.0,1730.0,1746.2,4990000,AMZN
2019-11-12,1750.0,1750.0,1740.0,1748.8,4990000,AMZN
2019-11-13,1740.0,1750.0,1730.0,1753.1,4990000,AMZN
2019-11-14,1750.0,1750.0,1730.0,1745.6,4990000,AMZN
2019-11-15,1750.0,1750.0,1730.0,1745.6,4990000,AMZN
2019-11-18,1740.0,1750.0,1730.0,1752.5,4990000,AMZN
2019-11-19,1760.0,1760.0,1740.0,1752.8,4990000,AMZN
2019-11-20,1750.0,1750.0,1730.0,1745.5,4990000,AMZN
2019-11-21,1740.0,1740.0,1720.0,1734.7,4990000,AMZN
2019-11-22,1730.0,1740.0,1720.0,1745.8,4990000,AMZN
2019-11-25,1750.0,1770.0,1750.0,1773.8,4990000,AMZN
2019-11-26,1770.0,1790.0,1770.0,1796.9,4990000,AMZN
2019-11-27,1800.0,1820.0,1800.0,1818.5,4990000,AMZN
2019-11-29,1810.0,1820.0,1800.0,1800.8,3950000,AMZN
2019-12-02,1800.0,1800.0,1780.0,1781.6,4990000,AMZN
2019-12-03,1760.0,1770.0,1740.0,1769.9,4990000,AMZN
2019-12-04,1770.0,1780.0,1760.0,1760.7,4990000,AMZN
2019-12-05,1760.0,1760.0,1740.0,1740.4,4990000,AMZN
2019-12-06,1750.0,1750.0,1730.0,1751.6,4990000,AMZN
2019-12-09,1750.0,1760.0,1740.0,1749.5,4990000,AMZN
2019-12-10,1740.0,1750.0,1730.0,1739.2,4990000,AMZN
2019-12-11,1740.0,1750.0,1730.0,1748.7,4990000,AMZN
2019-12-12,1750.0,1760.0,1740.0,1760.3,4990000,AMZN
2019-12-13,1760.0,1760.0,1740.0,1760.9,4990000,AMZN
2019-12-16,1760.0,1760.0,1750.0,1769.2,4990000,AMZN
2019-12-17,1770.0,1790.0,1770.0,1790.7,4990000,AMZN
2019-12-18,1790.0,1790.0,1780.0,1784.0,4990000,AMZN
2019-12-19,1790.0,1790.0,1780.0,1792.3,4990000,AMZN
2019-12-20,1790.0,1800.0,1780.0,1786.5,6078200,AMZN
2019-12-23,1780.0,1790.0,1780.0,1793.0,4990000,AMZN
2019-12-24,1790.0,1790.0,1780.0,1789.2,2990000,AMZN
2019-12-26,1800.0,1860.0,1800.0,1868.8,7067000,AMZN
2019-12-27,1880.0,1900.0,1860.0,1869.8,7067000,AMZN
2019-12-30,1870.0,1870.0,1830.0,1846.9,6078200,AMZN
2019-12-31,1840.0,1850.0,1840.0,1847.8,4990000,AMZN
2019-01-02,135.59,138.89,130.05,136.08,11832300,NVDA
2019-01-03,133.02,134.8,129.55,130.06,12608600,NVDA
2019-01-04,132.89,138.8,132.0,136.19,13481600,NVDA
2019-01-07,138.5,140.0,135.9,138.0,11130600,NVDA
2019-01-08,141.3,142.5,137.5,139.7,13481600,NVDA
2019-01-09,141.5,145.0,141.0,143.8,12608600,NVDA
2019-01-10,143.0,146.0,142.0,145.8,11832300,NVDA
2019-01-11,144.0,148.0,143.0,147.6,11130600,NVDA
2019-01-14,145.0,148.0,144.0,146.8,11130600,NVDA
2019-01-15,147.0,150.0,146.0,149.8,12608600,NVDA
2019-01-16,150.0,152.0,149.0,150.8,11832300,NVDA
2019-01-17,151.0,154.0,150.0,153.6,11130600,NVDA
2019-01-18,155.0,156.0,152.0,155.8,12608600,NVDA
2019-01-22,154.0,155.0,150.0,151.6,11832300,NVDA
2019-01-23,152.0,155.0,151.0,154.8,11130600,NVDA
2019-01-24,155.0,156.0,152.0,154.6,11130600,NVDA
2019-01-25,156.0,158.0,154.0,156.8,11130600,NVDA
2019-01-28,155.0,156.0,148.0,149.8,12608600,NVDA
2019-01-29,150.0,152.0,148.0,149.6,11832300,NVDA
2019-01-30,152.0,158.0,151.0,157.8,12608600,NVDA
2019-01-31,158.0,165.0,157.0,164.8,13481600,NVDA
2019-02-01,165.0,168.0,163.0,165.6,12608600,NVDA
2019-02-04,166.0,170.0,165.0,168.8,11832300,NVDA
2019-02-05,170.0,172.0,168.0,171.6,11130600,NVDA
2019-02-06,172.0,172.0,168.0,169.6,11130600,NVDA
2019-02-07,168.0,168.0,163.0,164.8,11832300,NVDA
2019-02-08,163.0,164.0,160.0,162.6,11130600,NVDA
2019-02-11,163.0,164.0,161.0,162.8,11130600,NVDA
2019-02-12,164.0,166.0,162.0,165.6,11130600,NVDA
2019-02-13,166.0,166.0,163.0,164.8,11130600,NVDA
2019-02-14,164.0,164.0,155.0,156.8,13481600,NVDA
2019-02-15,158.0,158.0,150.0,152.6,13481600,NVDA
2019-02-19,152.0,154.0,151.0,153.8,11832300,NVDA
2019-02-20,154.0,154.0,150.0,151.6,11832300,NVDA
2019-02-21,151.0,152.0,148.0,150.8,11832300,NVDA
2019-02-22,152.0,154.0,151.0,153.6,11130600,NVDA
2019-02-25,155.0,156.0,153.0,154.8,11130600,NVDA
2019-02-26,154.0,156.0,153.0,155.6,11130600,NVDA
2019-02-27,155.0,156.0,153.0,154.8,11130600,NVDA
2019-02-28,155.0,158.0,154.0,156.6,11832300,NVDA
2019-03-01,158.0,158.0,155.0,156.8,11130600,NVDA
2019-03-04,157.0,158.0,154.0,155.6,11130600,NVDA
2019-03-05,155.0,155.0,152.0,153.8,11130600,NVDA
2019-03-06,154.0,154.0,150.0,151.6,11832300,NVDA
2019-03-07,151.0,151.0,146.0,147.8,12608600,NVDA
2019-03-08,146.0,148.0,145.0,147.6,11832300,NVDA
2019-03-11,148.0,152.0,148.0,151.6,11832300,NVDA
2019-03-12,152.0,154.0,151.0,153.8,11130600,NVDA
2019-03-13,154.0,156.0,153.0,154.8,11130600,NVDA
2019-03-14,155.0,156.0,153.0,154.6,11130600,NVDA
2019-03-15,155.0,158.0,154.0,156.8,12608600,NVDA
2019-03-18,157.0,160.0,156.0,159.8,11832300,NVDA
2019-03-19,160.0,164.0,159.0,163.6,12608600,NVDA
2019-03-20,164.0,166.0,162.0,165.8,11832300,NVDA
2019-03-21,165.0,172.0,165.0,171.6,12608600,NVDA
2019-03-22,170.0,172.0,168.0,168.8,11832300,NVDA
2019-03-25,168.0,170.0,166.0,167.6,11130600,NVDA
2019-03-26,168.0,170.0,166.0,168.8,11130600,NVDA
2019-03-27,169.0,170.0,166.0,167.6,11130600,NVDA
2019-03-28,168.0,170.0,167.0,168.8,11130600,NVDA
2019-03-29,170.0,172.0,169.0,171.6,11130600,NVDA
2019-04-01,173.0,174.0,171.0,173.8,11130600,NVDA
2019-04-02,173.0,174.0,171.0,173.6,11130600,NVDA
2019-04-03,174.0,178.0,173.0,177.6,11832300,NVDA
2019-04-04,178.0,180.0,176.0,178.8,11130600,NVDA
2019-04-05,180.0,182.0,178.0,181.6,11130600,NVDA
2019-04-08,181.0,182.0,179.0,180.8,11130600,NVDA
2019-04-09,180.0,182.0,178.0,179.6,11130600,NVDA
2019-04-10,180.0,184.0,179.0,183.8,11130600,NVDA
2019-04-11,184.0,186.0,183.0,185.6,11130600,NVDA
2019-04-12,186.0,188.0,185.0,186.8,11130600,NVDA
2019-04-15,187.0,188.0,185.0,186.6,11130600,NVDA
2019-04-16,187.0,188.0,185.0,186.8,11130600,NVDA
2019-04-17,187.0,188.0,185.0,186.6,11130600,NVDA
2019-04-18,187.0,188.0,185.0,186.8,11130600,NVDA
2019-04-22,186.0,186.0,182.0,184.8,11130600,NVDA
2019-04-23,185.0,188.0,184.0,187.6,11130600,NVDA
2019-04-24,188.0,190.0,186.0,188.8,11130600,NVDA
2019-04-25,189.0,190.0,186.0,188.6,11130600,NVDA
2019-04-26,189.0,190.0,186.0,188.8,11130600,NVDA
2019-04-29,189.0,190.0,186.0,188.6,11130600,NVDA
2019-04-30,188.0,188.0,184.0,186.8,11130600,NVDA
2019-05-01,187.0,188.0,184.0,185.6,11130600,NVDA
2019-05-02,185.0,186.0,182.0,184.8,11130600,NVDA
2019-05-03,185.0,188.0,184.0,187.6,11130600,NVDA
2019-05-06,184.0,186.0,182.0,185.8,11130600,NVDA
2019-05-07,184.0,184.0,178.0,180.6,12608600,NVDA
2019-05-08,180.0,182.0,178.0,180.8,11832300,NVDA
2019-05-09,178.0,178.0,174.0,176.6,11832300,NVDA
2019-05-10,176.0,178.0,172.0,174.8,11832300,NVDA
2019-05-13,172.0,172.0,168.0,169.6,12608600,NVDA
2019-05-14,170.0,172.0,168.0,170.8,11832300,NVDA
2019-05-15,170.0,172.0,168.0,171.6,11130600,NVDA
2019-05-16,172.0,174.0,170.0,173.8,11130600,NVDA
2019-05-17,172.0,174.0,170.0,171.6,11130600,NVDA
2019-05-20,170.0,172.0,168.0,170.8,11130600,NVDA
2019-05-21,172.0,174.0,170.0,172.6,11130600,NVDA
2019-05-22,172.0,174.0,170.0,172.8,11130600,NVDA
2019-05-23,170.0,172.0,168.0,170.6,11130600,NVDA
2019-05-24,171.0,172.0,169.0,170.8,11130600,NVDA
2019-05-28,171.0,174.0,170.0,172.6,11130600,NVDA
2019-05-29,172.0,172.0,168.0,170.8,11130600,NVDA
2019-05-30,171.0,172.0,169.0,171.6,11130600,NVDA
2019-05-31,169.0,170.0,167.0,168.8,11832300,NVDA
2019-06-03,169.0,170.0,165.0,166.6,12608600,NVDA
2019-06-04,167.0,170.0,166.0,169.8,11832300,NVDA
2019-06-05,171.0,172.0,168.0,171.6,11130600,NVDA
2019-06-06,171.0,172.0,168.0,170.8,11130600,NVDA
2019-06-07,171.0,175.0,170.0,174.6,11832300,NVDA
2019-06-10,175.0,178.0,174.0,176.8,11130600,NVDA
2019-06-11,178.0,180.0,175.0,178.6,11130600,NVDA
2019-06-12,178.0,178.0,175.0,176.8,11130600,NVDA
2019-06-13,177.0,178.0,175.0,176.6,11130600,NVDA
2019-06-14,176.0,176.0,173.0,174.8,11130600,NVDA
2019-06-17,175.0,176.0,173.0,174.6,11130600,NVDA
2019-06-18,176.0,180.0,175.0,178.8,11832300,NVDA
2019-06-19,179.0,180.0,177.0,178.6,11130600,NVDA
2019-06-20,180.0,182.0,178.0,181.8,11130600,NVDA
2019-06-21,181.0,182.0,180.0,181.6,11130600,NVDA
2019-06-24,181.0,182.0,180.0,180.8,11130600,NVDA
2019-06-25,180.0,180.0,176.0,177.6,11832300,NVDA
2019-06-26,178.0,179.0,176.0,176.8,11130600,NVDA
2019-06-27,177.0,178.0,175.0,176.6,11130600,NVDA
2019-06-28,176.0,176.0,173.0,174.8,11130600,NVDA
2019-07-01,176.0,178.0,174.0,176.6,11130600,NVDA
2019-07-02,176.0,178.0,175.0,177.8,11130600,NVDA
2019-07-03,178.0,180.0,177.0,179.6,11130600,NVDA
2019-07-05,178.0,180.0,176.0,178.8,11130600,NVDA
2019-07-08,178.0,180.0,176.0,177.6,11130600,NVDA
2019-07-09,177.0,178.0,175.0,176.8,11130600,NVDA
2019-07-10,178.0,180.0,177.0,179.8,11130600,NVDA
2019-07-11,180.0,182.0,178.0,180.6,11130600,NVDA
2019-07-12,180.0,182.0,179.0,181.8,11130600,NVDA
2019-07-15,182.0,184.0,181.0,183.6,11130600,NVDA
2019-07-16,183.0,184.0,181.0,182.8,11130600,NVDA
2019-07-17,182.0,182.0,179.0,180.6,11130600,NVDA
2019-07-18,180.0,180.0,177.0,178.8,11130600,NVDA
2019-07-19,179.0,180.0,177.0,177.6,11130600,NVDA
2019-07-22,178.0,180.0,177.0,179.8,11130600,NVDA
2019-07-23,180.0,182.0,179.0,181.6,11130600,NVDA
2019-07-24,180.0,182.0,179.0,181.8,11130600,NVDA
2019-07-25,182.0,184.0,181.0,182.6,11130600,NVDA
2019-07-26,183.0,184.0,181.0,182.8,11130600,NVDA
2019-07-29,182.0,182.0,179.0,180.6,11130600,NVDA
2019-07-30,179.0,180.0,177.0,178.8,11130600,NVDA
2019-07-31,179.0,180.0,176.0,177.6,11832300,NVDA
2019-08-01,178.0,180.0,176.0,178.8,11130600,NVDA
2019-08-02,178.0,178.0,174.0,175.6,11832300,NVDA
2019-08-05,174.0,174.0,168.0,170.6,12608600,NVDA
2019-08-06,171.0,174.0,170.0,172.8,11832300,NVDA
2019-08-07,172.0,172.0,168.0,170.8,11832300,NVDA
2019-08-08,172.0,175.0,171.0,174.6,11130600,NVDA
2019-08-09,174.0,174.0,170.0,171.8,11130600,NVDA
2019-08-12,171.0,172.0,168.0,170.6,11130600,NVDA
2019-08-13,171.0,175.0,170.0,174.8,11130600,NVDA
2019-08-14,172.0,172.0,168.0,168.6,11832300,NVDA
2019-08-15,169.0,170.0,166.0,168.8,11832300,NVDA
2019-08-16,170.0,172.0,168.0,171.6,11130600,NVDA
2019-08-19,173.0,175.0,172.0,174.8,11130600,NVDA
2019-08-20,174.0,176.0,173.0,174.6,11130600,NVDA
2019-08-21,175.0,176.0,173.0,175.8,11130600,NVDA
2019-08-22,175.0,176.0,172.0,174.6,11130600,NVDA
2019-08-23,173.0,175.0,168.0,169.8,12608600,NVDA
2019-08-26,171.0,172.0,168.0,171.6,11130600,NVDA
2019-08-27,172.0,172.0,168.0,170.8,11130600,NVDA
2019-08-28,170.0,172.0,168.0,171.6,11130600,NVDA
2019-08-29,173.0,175.0,172.0,174.8,11130600,NVDA
2019-08-30,175.0,176.0,173.0,174.6,11130600,NVDA
2019-09-03,174.0,174.0,170.0,171.8,11130600,NVDA
2019-09-04,173.0,174.0,171.0,173.6,11130600,NVDA
2019-09-05,175.0,178.0,174.0,177.8,11130600,NVDA
2019-09-06,178.0,178.0,174.0,175.6,11130600,NVDA
2019-09-09,176.0,178.0,174.0,175.8,11130600,NVDA
2019-09-10,175.0,175.0,171.0,173.6,11832300,NVDA
2019-09-11,173.0,174.0,171.0,173.8,11130600,NVDA
2019-09-12,175.0,178.0,174.0,176.6,11130600,NVDA
2019-09-13,177.0,178.0,175.0,176.8,11130600,NVDA
2019-09-16,176.0,178.0,175.0,176.6,11130600,NVDA
2019-09-17,176.0,178.0,175.0,177.8,11130600,NVDA
2019-09-18,178.0,180.0,177.0,179.6,11130600,NVDA
2019-09-19,180.0,182.0,178.0,181.8,11130600,NVDA
2019-09-20,182.0,182.0,178.0,179.6,11832300,NVDA
2019-09-23,179.0,180.0,177.0,178.8,11130600,NVDA
2019-09-24,180.0,180.0,176.0,176.8,11130600,NVDA
2019-09-25,176.0,178.0,174.0,177.6,11130600,NVDA
2019-09-26,178.0,178.0,175.0,176.8,11130600,NVDA
2019-09-27,176.0,176.0,172.0,173.8,11832300,NVDA
2019-09-30,174.0,175.0,172.0,174.6,11130600,NVDA
2019-10-01,175.0,176.0,172.0,173.8,11130600,NVDA
2019-10-02,173.0,173.0,168.0,170.6,12608600,NVDA
2019-10-03,171.0,173.0,169.0,172.8,11130600,NVDA
2019-10-04,173.0,176.0,172.0,175.8,11130600,NVDA
2019-10-07,175.0,176.0,173.0,174.6,11130600,NVDA
2019-10-08,174.0,174.0,170.0,171.8,11832300,NVDA
2019-10-09,173.0,176.0,172.0,175.6,11130600,NVDA
2019-10-10,176.0,178.0,175.0,176.8,11130600,NVDA
2019-10-11,178.0,180.0,177.0,178.6,11130600,NVDA
2019-10-14,178.0,180.0,177.0,178.8,11130600,NVDA
2019-10-15,180.0,184.0,179.0,183.6,11832300,NVDA
2019-10-16,183.0,184.0,181.0,182.8,11130600,NVDA
2019-10-17,184.0,186.0,183.0,185.6,11130600,NVDA
2019-10-18,185.0,186.0,182.0,183.8,11130600,NVDA
2019-10-21,184.0,186.0,183.0,185.6,11130600,NVDA
2019-10-22,186.0,186.0,182.0,183.8,11130600,NVDA
2019-10-23,183.0,185.0,182.0,184.6,11130600,NVDA
2019-10-24,185.0,188.0,184.0,187.8,11130600,NVDA
2019-10-25,187.0,188.0,185.0,187.6,11130600,NVDA
2019-10-28,188.0,190.0,187.0,189.8,11130600,NVDA
2019-10-29,190.0,192.0,188.0,190.6,11130600,NVDA
2019-10-30,190.0,192.0,188.0,191.8,11130600,NVDA
2019-10-31,192.0,192.0,188.0,190.6,11130600,NVDA
2019-11-01,192.0,195.0,191.0,194.8,11130600,NVDA
2019-11-04,195.0,198.0,194.0,197.6,11130600,NVDA
2019-11-05,198.0,200.0,197.0,198.8,11130600,NVDA
2019-11-06,199.0,200.0,197.0,198.6,11130600,NVDA
2019-11-07,200.0,202.0,198.0,201.8,11130600,NVDA
2019-11-08,201.0,202.0,199.0,201.6,11130600,NVDA
2019-11-11,201.0,202.0,199.0,200.8,11130600,NVDA
2019-11-12,201.0,204.0,200.0,203.6,11130600,NVDA
2019-11-13,203.0,204.0,201.0,202.8,11130600,NVDA
2019-11-14,202.0,204.0,201.0,203.6,11130600,NVDA
2019-11-15,204.0,206.0,203.0,205.8,11130600,NVDA
2019-11-18,206.0,208.0,205.0,207.6,11130600,NVDA
2019-11-19,208.0,210.0,207.0,208.8,11130600,NVDA
2019-11-20,208.0,210.0,206.0,208.6,11130600,NVDA
2019-11-21,209.0,212.0,208.0,210.8,11130600,NVDA
2019-11-22,211.0,214.0,210.0,212.8,11130600,NVDA
2019-11-25,214.0,216.0,213.0,215.8,11130600,NVDA
2019-11-26,216.0,218.0,215.0,216.6,11130600,NVDA
2019-11-27,217.0,218.0,215.0,217.8,11130600,NVDA
2019-11-29,217.0,218.0,215.0,216.6,11130600,NVDA
2019-12-02,217.0,218.0,214.0,215.8,11130600,NVDA
2019-12-03,214.0,214.0,210.0,212.8,11832300,NVDA
2019-12-04,214.0,216.0,213.0,215.6,11130600,NVDA
2019-12-05,216.0,218.0,215.0,216.8,11130600,NVDA
2019-12-06,217.0,220.0,216.0,218.8,11130600,NVDA
2019-12-09,218.0,220.0,217.0,218.6,11130600,NVDA
2019-12-10,218.0,220.0,217.0,219.8,11130600,NVDA
2019-12-11,220.0,222.0,218.0,221.6,11130600,NVDA
2019-12-12,222.0,225.0,221.0,224.8,11130600,NVDA
2019-12-13,224.0,226.0,222.0,225.6,11130600,NVDA
2019-12-16,226.0,228.0,225.0,227.8,11130600,NVDA
2019-12-17,228.0,230.0,227.0,228.6,11130600,NVDA
2019-12-18,229.0,230.0,228.0,228.8,11130600,NVDA
2019-12-19,229.0,232.0,228.0,231.8,11130600,NVDA
2019-12-20,232.0,235.0,231.0,234.8,11832300,NVDA
2019-12-23,235.0,238.0,234.0,236.8,11130600,NVDA
2019-12-24,237.0,238.0,235.0,237.6,11130600,NVDA
2019-12-26,237.0,238.0,236.0,237.8,11130600,NVDA
2019-12-27,238.0,240.0,236.0,238.6,11130600,NVDA
2019-12-30,238.0,238.0,234.0,235.8,11130600,NVDA
2019-12-31,235.0,236.0,232.0,234.9,11130600,NVDA
2019-01-02,154.88,158.85,154.23,157.92,37039600,AAPL
2019-01-03,143.98,145.72,142.0,142.19,91312200,AAPL
2019-01-04,144.53,148.55,143.8,148.26,58607100,AAPL
2019-01-07,148.7,148.83,145.9,147.93,54777800,AAPL
2019-01-08,149.56,151.82,148.52,150.75,41025300,AAPL
2019-01-09,151.29,154.53,149.63,153.31,45099100,AAPL
2019-01-10,152.5,153.97,150.86,153.8,35780900,AAPL
2019-01-11,152.88,153.7,151.51,152.29,27023200,AAPL
2019-01-14,150.85,151.27,149.22,150.0,32439200,AAPL
2019-01-15,150.27,153.39,150.05,153.07,28710900,AAPL
2019-01-16,153.08,155.89,153.0,154.94,30569700,AAPL
2019-01-17,154.2,157.66,153.26,155.86,29821200,AAPL
2019-01-18,157.5,157.88,155.98,156.82,33751000,AAPL
2019-01-22,156.41,157.75,153.0,153.3,30394000,AAPL
2019-01-23,154.15,155.14,151.7,153.95,23130600,AAPL
2019-01-24,154.11,154.48,151.74,152.7,25441500,AAPL
2019-01-25,155.48,158.13,154.32,157.76,33535500,AAPL
2019-01-28,155.79,156.33,153.66,156.3,26192100,AAPL
2019-01-29,156.25,158.5,154.11,154.68,41487400,AAPL
2019-01-30,163.25,166.15,160.23,165.25,61109800,AAPL
2019-01-31,166.11,169.0,164.56,166.44,40739600,AAPL
2019-02-01,166.96,168.98,165.93,166.52,32668100,AAPL
2019-02-04,167.41,171.66,167.28,171.25,31495500,AAPL
2019-02-05,172.48,175.08,172.35,174.18,36101600,AAPL
2019-02-06,174.65,175.58,172.85,174.24,28239600,AAPL
2019-02-07,172.4,173.94,170.34,170.94,31741700,AAPL
2019-02-08,168.99,170.66,168.42,170.41,23820100,AAPL
2019-02-11,171.05,171.21,169.25,169.43,20990400,AAPL
2019-02-12,170.1,171.0,169.71,170.89,22283500,AAPL
2019-02-13,171.4,172.48,169.91,170.18,22490300,AAPL
2019-02-14,169.01,171.26,169.38,170.8,21835700,AAPL
2019-02-15,171.25,171.7,169.75,170.42,24622000,AAPL
2019-02-19,169.71,171.44,169.49,170.93,18972800,AAPL
2019-02-20,171.19,173.32,170.99,172.03,26114400,AAPL
2019-02-21,171.8,172.39,170.3,171.06,17249500,AAPL
2019-02-22,171.5,173.0,171.38,172.97,18913200,AAPL
2019-02-25,174.16,175.87,173.95,174.33,21873400,AAPL
2019-02-26,173.71,175.3,173.17,174.33,17072500,AAPL
2019-02-27,173.21,175.0,172.73,174.87,27835400,AAPL
2019-02-28,174.32,174.91,172.92,173.15,28215400,AAPL
2019-03-01,174.28,175.15,172.89,174.97,25886200,AAPL
2019-03-04,175.69,177.75,173.97,175.85,27436200,AAPL
2019-03-05,175.94,176.0,174.54,175.53,19737400,AAPL
2019-03-06,174.67,175.49,173.94,174.52,20810400,AAPL
2019-03-07,173.87,174.44,172.02,172.5,24796400,AAPL
2019-03-08,170.32,173.07,169.5,172.91,23999400,AAPL
2019-03-11,175.49,179.12,175.35,178.9,32011000,AAPL
2019-03-12,180.0,182.67,179.37,180.91,32457600,AAPL
2019-03-13,182.25,183.3,180.92,181.71,31032500,AAPL
2019-03-14,183.9,184.1,182.56,183.73,23579500,AAPL
2019-03-15,184.85,187.33,183.77,186.12,39335800,AAPL
2019-03-18,185.8,188.39,185.79,188.02,26219800,AAPL
2019-03-19,188.35,188.99,185.92,186.53,31646400,AAPL
2019-03-20,186.23,189.49,184.73,188.16,31035200,AAPL
2019-03-21,190.02,196.33,189.81,195.09,51034200,AAPL
2019-03-22,195.34,197.69,194.78,195.35,33332100,AAPL
2019-03-25,192.51,194.0,190.78,191.05,31343300,AAPL
2019-03-26,191.66,192.88,184.58,186.79,49800500,AAPL
2019-03-27,188.75,189.76,186.55,188.47,29848400,AAPL
2019-03-28,188.95,189.5,187.53,188.72,20780400,AAPL
2019-03-29,189.83,190.07,188.54,189.95,23595400,AAPL
2019-04-01,191.64,191.68,188.38,191.24,27862000,AAPL
2019-04-02,191.09,194.46,191.05,194.02,22813400,AAPL
2019-04-03,193.25,196.5,193.15,195.35,23271800,AAPL
2019-04-04,195.61,196.37,193.14,195.69,19132800,AAPL
2019-04-05,196.45,197.1,195.93,197.0,18526600,AAPL
2019-04-08,196.42,200.23,196.34,200.1,25881700,AAPL
2019-04-09,200.32,202.85,199.23,199.5,35768200,AAPL
2019-04-10,198.68,200.73,198.18,200.62,21695300,AAPL
2019-04-11,200.8,201.0,198.44,198.95,20834000,AAPL
2019-04-12,200.1,200.14,196.21,198.87,27760700,AAPL
2019-04-15,198.58,199.85,198.01,199.23,20573400,AAPL
2019-04-16,199.46,201.37,198.56,199.25,25696400,AAPL
2019-04-17,199.54,203.38,198.61,203.13,28906800,AAPL
2019-04-18,203.12,204.15,202.52,203.86,24195800,AAPL
2019-04-22,202.83,204.94,202.34,204.53,19439500,AAPL
2019-04-23,204.43,207.75,203.9,207.48,23323000,AAPL
2019-04-24,207.36,208.48,207.0,207.16,17540600,AAPL
2019-04-25,206.55,207.76,205.12,205.28,18543200,AAPL
2019-04-26,204.9,205.0,202.12,204.3,18649100,AAPL
2019-04-29,204.4,205.97,203.86,204.61,22204700,AAPL
2019-04-30,203.06,203.4,199.11,200.67,46534900,AAPL
2019-05-01,209.88,215.31,209.23,210.52,64827300,AAPL
2019-05-02,209.84,212.65,208.13,209.15,31996300,AAPL
2019-05-03,210.89,211.84,210.23,211.75,20892400,AAPL
2019-05-06,204.29,208.84,203.5,208.48,32443100,AAPL
2019-05-07,205.88,207.42,200.83,202.86,38763700,AAPL
2019-05-08,201.9,205.34,201.75,202.9,26339500,AAPL
2019-05-09,200.4,201.68,196.66,200.72,34908600,AAPL
2019-05-10,197.42,198.85,192.77,197.18,41208700,AAPL
2019-05-13,187.71,189.48,182.85,185.72,57495200,AAPL
2019-05-14,186.41,189.7,185.41,188.66,36529700,AAPL
2019-05-15,186.27,191.75,186.02,190.92,26544700,AAPL
2019-05-16,189.91,192.47,188.84,190.08,33031400,AAPL
2019-05-17,186.93,190.9,186.76,189.0,32879100,AAPL
2019-05-20,183.52,184.35,180.28,183.09,38612300,AAPL
2019-05-21,184.57,185.7,175.47,179.43,34902100,AAPL
2019-05-22,179.6,185.7,179.6,182.78,29748600,AAPL
2019-05-23,179.8,180.54,177.05,179.66,28432000,AAPL
2019-05-24,180.28,182.14,179.62,178.97,23714700,AAPL
2019-05-28,178.92,180.59,177.91,178.23,27948200,AAPL
2019-05-29,176.42,179.35,176.0,177.38,28481200,AAPL
2019-05-30,177.95,179.23,176.67,178.3,21218400,AAPL
2019-05-31,176.23,177.99,174.99,175.07,27043600,AAPL
2019-06-03,176.05,177.92,170.27,173.3,40396100,AAPL
2019-06-04,175.44,179.83,174.52,179.64,30968200,AAPL
2019-06-05,182.08,184.99,181.14,182.54,29773400,AAPL
2019-06-06,183.08,185.47,182.15,185.22,22526300,AAPL
2019-06-07,186.51,191.92,185.77,190.15,30684400,AAPL
2019-06-10,191.81,195.37,191.62,192.58,26220900,AAPL
2019-06-11,194.86,196.0,193.6,194.81,26932900,AAPL
2019-06-12,193.95,195.97,193.39,194.19,18253200,AAPL
2019-06-13,194.7,196.79,193.6,194.15,21674700,AAPL
2019-06-14,191.55,193.59,190.3,192.74,18761500,AAPL
2019-06-17,192.9,194.96,192.17,193.98,14669100,AAPL
2019-06-18,196.05,200.29,195.21,198.45,26551000,AAPL
2019-06-19,199.68,199.88,197.31,197.87,21124200,AAPL
2019-06-20,200.61,200.61,198.03,199.46,21514000,AAPL
2019-06-21,198.8,200.85,198.15,198.78,47735300,AAPL
2019-06-24,198.54,200.16,198.17,198.58,18220400,AAPL
2019-06-25,198.43,199.26,195.29,195.57,21070300,AAPL
2019-06-26,197.77,200.99,197.35,199.8,26067500,AAPL
2019-06-27,200.29,201.57,199.57,199.74,20899700,AAPL
2019-06-28,198.68,199.5,197.05,197.92,31110600,AAPL
2019-07-01,203.17,204.49,200.65,201.55,27316700,AAPL
2019-07-02,201.41,203.13,201.36,202.73,16935200,AAPL
2019-07-03,203.28,204.44,202.69,204.41,11362000,AAPL
2019-07-05,203.35,205.08,202.9,204.23,17265500,AAPL
2019-07-08,200.81,201.4,198.41,200.02,25338600,AAPL
2019-07-09,199.2,201.51,198.81,201.24,20578000,AAPL
2019-07-10,201.85,203.73,201.56,203.23,17897100,AAPL
2019-07-11,203.31,204.96,201.71,201.75,20191800,AAPL
2019-07-12,202.45,204.0,202.2,203.3,17595200,AAPL
2019-07-15,204.09,205.87,204.0,205.21,16947400,AAPL
2019-07-16,204.59,206.11,203.5,204.5,16866800,AAPL
2019-07-17,204.05,205.09,203.27,203.35,14271900,AAPL
2019-07-18,204.0,205.88,203.7,205.66,18582200,AAPL
2019-07-19,205.79,206.5,202.36,202.59,20929300,AAPL
2019-07-22,203.65,207.23,203.61,207.22,22277900,AAPL
2019-07-23,208.46,208.91,207.29,208.84,18355200,AAPL
2019-07-24,207.67,209.15,207.17,208.67,14991600,AAPL
2019-07-25,208.89,209.24,206.73,207.02,13925300,AAPL
2019-07-26,207.48,209.73,207.14,207.74,17618900,AAPL
2019-07-29,208.46,211.39,208.44,209.68,21673400,AAPL
2019-07-30,208.76,210.16,207.31,208.78,33935200,AAPL
2019-07-31,216.42,221.37,211.3,213.04,69281400,AAPL
2019-08-01,213.9,218.03,206.74,208.43,54017900,AAPL
2019-08-02,205.53,206.43,201.63,204.02,40862100,AAPL
2019-08-05,198.45,198.65,192.58,193.34,52229500,AAPL
2019-08-06,196.31,198.07,194.04,197.0,35824800,AAPL
2019-08-07,195.41,199.56,193.82,199.04,33364400,AAPL
2019-08-08,200.2,203.53,199.39,203.43,27009500,AAPL
2019-08-09,201.3,202.76,200.3,200.99,24619700,AAPL
2019-08-12,199.62,202.05,199.15,200.48,22474900,AAPL
2019-08-13,201.02,212.14,200.8,208.97,47218500,AAPL
2019-08-14,203.16,204.5,199.62,202.75,36547900,AAPL
2019-08-15,203.46,205.14,201.71,201.74,27487400,AAPL
2019-08-16,204.28,207.16,203.84,206.5,27694000,AAPL
2019-08-19,210.62,212.73,210.03,210.35,24413600,AAPL
2019-08-20,210.88,213.35,210.32,210.36,26884300,AAPL
2019-08-21,212.99,213.65,211.6,212.64,21564200,AAPL
2019-08-22,213.19,214.44,210.75,212.46,22253700,AAPL
2019-08-23,209.43,212.05,201.0,202.64,46818000,AAPL
2019-08-26,205.86,207.19,205.06,206.49,26043500,AAPL
2019-08-27,207.86,208.55,203.53,204.16,25873300,AAPL
2019-08-28,204.1,205.72,203.32,205.53,15938800,AAPL
2019-08-29,208.5,209.32,206.66,209.01,20990500,AAPL
2019-08-30,210.16,210.45,207.2,208.74,21143400,AAPL
2019-09-03,206.43,206.98,204.22,205.7,20023000,AAPL
2019-09-04,208.39,209.48,207.32,209.19,19188100,AAPL
2019-09-05,212.0,213.97,211.51,213.28,23913700,AAPL
2019-09-06,214.05,214.42,212.51,213.26,19358200,AAPL
2019-09-09,214.84,216.44,211.07,214.17,27309400,AAPL
2019-09-10,213.86,216.78,211.71,216.7,31777900,AAPL
2019-09-11,218.07,223.71,217.73,223.59,44289700,AAPL
2019-09-12,224.8,226.42,220.73,223.09,32226700,AAPL
2019-09-13,220.0,220.79,217.02,218.75,39763300,AAPL
2019-09-16,217.73,220.13,217.56,219.9,21158100,AAPL
2019-09-17,219.96,220.82,219.12,220.7,18309200,AAPL
2019-09-18,221.06,222.85,220.0,222.77,25340000,AAPL
2019-09-19,222.01,223.76,220.37,220.96,22060900,AAPL
2019-09-20,221.89,222.56,217.47,217.73,54281500,AAPL
2019-09-23,218.95,219.84,217.65,218.72,19165500,AAPL
2019-09-24,221.03,222.49,217.65,217.68,31190800,AAPL
2019-09-25,218.55,221.5,217.14,221.03,21903400,AAPL
2019-09-26,220.0,220.94,218.83,219.89,18833500,AAPL
2019-09-27,220.54,220.96,217.28,218.82,25352000,AAPL
2019-09-30,220.9,224.58,220.79,223.97,25977400,AAPL
2019-10-01,225.07,228.22,224.2,224.59,34805800,AAPL
2019-10-02,223.06,223.58,217.93,218.96,34612300,AAPL
2019-10-03,218.43,220.96,215.13,220.82,28606500,AAPL
2019-10-04,225.64,227.49,223.89,227.01,34619700,AAPL
2019-10-07,226.27,229.93,225.84,227.06,31086500,AAPL
2019-10-08,225.82,228.06,224.33,224.4,27955000,AAPL
2019-10-09,227.03,227.79,225.49,227.03,18692600,AAPL
2019-10-10,227.93,230.44,227.3,230.09,28253400,AAPL
2019-10-11,232.95,237.64,232.31,236.21,41698900,AAPL
2019-10-14,234.9,238.13,234.67,235.87,24103900,AAPL
2019-10-15,236.39,237.65,234.88,235.32,21460900,AAPL
2019-10-16,233.37,235.24,233.2,234.37,21623500,AAPL
2019-10-17,234.6,236.15,233.52,235.28,16881100,AAPL
2019-10-18,234.59,237.58,234.29,236.41,24358400,AAPL
2019-10-21,236.33,240.99,236.09,240.51,21811800,AAPL
2019-10-22,241.16,242.2,239.62,239.96,20573400,AAPL
2019-10-23,242.1,243.24,241.22,243.18,18957200,AAPL
2019-10-24,244.51,244.8,241.81,243.58,17459800,AAPL
2019-10-25,243.16,246.73,242.88,246.58,18331500,AAPL
2019-10-28,247.42,249.25,246.72,249.05,24121900,AAPL
2019-10-29,248.97,249.75,242.57,243.29,35709900,AAPL
2019-10-30,244.76,245.11,241.21,243.26,31130500,AAPL
2019-10-31,247.24,249.17,237.26,248.76,34790500,AAPL
2019-11-01,249.54,255.82,249.16,255.82,37781300,AAPL
2019-11-04,257.37,257.75,255.37,257.5,25818000,AAPL
2019-11-05,257.05,258.19,256.32,257.13,19954400,AAPL
2019-11-06,256.77,257.49,255.37,257.24,18966100,AAPL
2019-11-07,258.74,260.35,258.11,259.43,23734900,AAPL
2019-11-08,258.66,260.44,256.85,260.14,17947300,AAPL
2019-11-11,258.2,262.47,258.13,262.2,20509600,AAPL
2019-11-12,261.55,262.79,260.92,261.96,21847200,AAPL
2019-11-13,261.13,264.78,261.07,264.47,25668200,AAPL
2019-11-14,263.75,264.88,262.1,262.64,21382900,AAPL
2019-11-15,263.68,265.8,263.01,265.76,25093700,AAPL
2019-11-18,265.8,267.43,264.23,267.1,21675800,AAPL
2019-11-19,267.89,268.0,265.39,266.29,19041800,AAPL
2019-11-20,265.54,266.08,260.4,263.19,26558600,AAPL
2019-11-21,263.69,264.01,261.12,262.01,20018500,AAPL
2019-11-22,262.59,263.18,260.84,261.78,16331300,AAPL
2019-11-25,262.71,266.44,262.52,266.37,21029100,AAPL
2019-11-26,266.94,267.16,262.5,264.29,26301900,AAPL
2019-11-27,265.58,267.98,265.31,267.84,16308900,AAPL
2019-11-29,266.6,268.0,265.9,267.25,11654400,AAPL
2019-12-02,267.27,268.25,263.45,264.16,23621800,AAPL
2019-12-03,258.31,259.53,256.29,259.45,28607600,AAPL
2019-12-04,261.07,263.31,260.68,261.74,16795400,AAPL
2019-12-05,263.79,265.89,262.73,265.58,18621200,AAPL
2019-12-06,267.48,271.0,267.3,270.71,26518900,AAPL
2019-12-09,270.0,272.63,268.3,271.46,21382900,AAPL
2019-12-10,270.8,271.0,268.3,268.48,22632100,AAPL
2019-12-11,268.81,271.1,268.5,270.77,19687900,AAPL
2019-12-12,267.78,272.56,267.32,271.46,34327600,AAPL
2019-12-13,271.46,275.3,270.93,275.15,33396900,AAPL
2019-12-16,277.0,280.79,276.98,279.86,32046500,AAPL
2019-12-17,279.57,281.77,278.8,280.41,28539600,AAPL
2019-12-18,279.8,281.9,279.12,279.74,29007100,AAPL
2019-12-19,279.5,281.18,278.95,280.02,24592300,AAPL
2019-12-20,282.23,282.65,278.56,279.44,68994500,AAPL
2019-12-23,280.53,284.25,280.37,284.0,24643000,AAPL
2019-12-24,284.82,284.89,282.92,284.27,12119700,AAPL
2019-12-26,284.82,289.98,284.7,289.91,23280300,AAPL
2019-12-27,291.12,293.97,288.12,289.8,36566500,AAPL
2019-12-30,289.46,292.69,285.22,291.52,36028600,AAPL
2019-12-31,289.93,293.68,289.52,293.65,25201400,AAPL
2019-01-02,1048.34,1052.32,1015.71,1045.85,1532600,GOOGL
2019-01-03,1041.0,1056.98,1014.07,1016.06,1841100,GOOGL
2019-01-04,1032.59,1070.84,1027.42,1070.71,2093900,GOOGL
2019-01-07,1071.5,1074.0,1054.76,1068.39,1981900,GOOGL
2019-01-08,1076.11,1084.56,1060.53,1076.28,1764900,GOOGL
2019-01-09,1081.6,1082.63,1066.4,1074.66,1199300,GOOGL
2019-01-10,1067.71,1072.9,1055.8,1070.33,1456400,GOOGL
2019-01-11,1063.18,1063.95,1048.5,1057.19,1520800,GOOGL
2019-01-14,1048.79,1051.5,1040.0,1044.69,1144300,GOOGL
2019-01-15,1050.0,1080.0,1047.34,1077.15,1520800,GOOGL
2019-01-16,1083.1,1095.0,1079.11,1089.6,1520800,GOOGL
2019-01-17,1088.0,1095.0,1081.0,1091.5,1520800,GOOGL
2019-01-18,1100.0,1105.0,1090.0,1098.3,1841100,GOOGL
2019-01-22,1090.0,1095.0,1065.0,1070.5,1520800,GOOGL
2019-01-23,1075.0,1080.0,1060.0,1075.8,1520800,GOOGL
2019-01-24,1075.0,1080.0,1060.0,1073.9,1520800,GOOGL
2019-01-25,1090.0,1100.0,1085.0,1099.5,1841100,GOOGL
2019-01-28,1090.0,1090.0,1070.0,1070.7,1520800,GOOGL
2019-01-29,1070.0,1070.0,1050.0,1052.4,1520800,GOOGL
2019-01-30,1060.0,1090.0,1060.0,1089.6,1841100,GOOGL
2019-01-31,1100.0,1115.0,1095.0,1116.4,2093900,GOOGL
2019-02-01,1110.0,1120.0,1100.0,1110.7,1520800,GOOGL
2019-02-04,1110.0,1130.0,1110.0,1132.8,2093900,GOOGL
2019-02-05,1120.0,1140.0,1115.0,1146.3,2093900,GOOGL
2019-02-06,1140.0,1140.0,1110.0,1115.2,1520800,GOOGL
2019-02-07,1100.0,1100.0,1080.0,1098.7,1841100,GOOGL
2019-02-08,1080.0,1090.0,1080.0,1095.1,1520800,GOOGL
2019-02-11,1100.0,1100.0,1090.0,1095.0,1520800,GOOGL
2019-02-12,1100.0,1120.0,1100.0,1121.4,1841100,GOOGL
2019-02-13,1120.0,1130.0,1115.0,1120.2,1520800,GOOGL
2019-02-14,1115.0,1120.0,1110.0,1121.7,1520800,GOOGL
2019-02-15,1120.0,1120.0,1100.0,1113.7,1520800,GOOGL
2019-02-19,1110.0,1120.0,1110.0,1119.9,1520800,GOOGL
2019-02-20,1120.0,1120.0,1105.0,1113.8,1520800,GOOGL
2019-02-21,1110.0,1110.0,1090.0,1100.0,1520800,GOOGL
2019-02-22,1100.0,1110.0,1100.0,1110.5,1520800,GOOGL
2019-02-25,1110.0,1110.0,1095.0,1103.0,1520800,GOOGL
2019-02-26,1100.0,1110.0,1095.0,1108.5,1520800,GOOGL
2019-02-27,1100.0,1100.0,1080.0,1095.0,1520800,GOOGL
2019-02-28,1090.0,1100.0,1085.0,1098.0,1520800,GOOGL
2019-03-01,1100.0,1120.0,1100.0,1118.6,1841100,GOOGL
2019-03-04,1120.0,1140.0,1120.0,1138.0,1520800,GOOGL
2019-03-05,1140.0,1160.0,1140.0,1158.0,1520800,GOOGL
2019-03-06,1160.0,1160.0,1145.0,1150.0,1520800,GOOGL
2019-03-07,1145.0,1150.0,1130.0,1143.3,1520800,GOOGL
2019-03-08,1120.0,1140.0,1120.0,1142.3,1520800,GOOGL
2019-03-11,1140.0,1170.0,1140.0,1175.8,1841100,GOOGL
2019-03-12,1170.0,1180.0,1165.0,1178.0,1520800,GOOGL
2019-03-13,1180.0,1180.0,1165.0,1173.0,1520800,GOOGL
2019-03-14,1170.0,1170.0,1160.0,1165.6,1520800,GOOGL
2019-03-15,1170.0,1180.0,1165.0,1178.0,1841100,GOOGL
2019-03-18,1170.0,1180.0,1170.0,1184.3,1520800,GOOGL
2019-03-19,1180.0,1200.0,1180.0,1198.8,1841100,GOOGL
2019-03-20,1200.0,1220.0,1195.0,1223.3,2093900,GOOGL
2019-03-21,1220.0,1230.0,1215.0,1224.0,1520800,GOOGL
2019-03-22,1220.0,1220.0,1200.0,1205.1,1841100,GOOGL
2019-03-25,1190.0,1200.0,1185.0,1193.0,1520800,GOOGL
2019-03-26,1200.0,1200.0,1175.0,1184.6,1841100,GOOGL
2019-03-27,1180.0,1180.0,1155.0,1173.0,1520800,GOOGL
2019-03-28,1170.0,1170.0,1160.0,1168.5,1520800,GOOGL
2019-03-29,1170.0,1180.0,1165.0,1173.3,1520800,GOOGL
2019-04-01,1180.0,1190.0,1180.0,1194.4,1520800,GOOGL
2019-04-02,1190.0,1200.0,1185.0,1200.5,1520800,GOOGL
2019-04-03,1200.0,1210.0,1200.0,1205.5,1520800,GOOGL
2019-04-04,1200.0,1210.0,1195.0,1205.5,1520800,GOOGL
2019-04-05,1210.0,1210.0,1200.0,1207.1,1520800,GOOGL
2019-04-08,1200.0,1200.0,1190.0,1198.8,1520800,GOOGL
2019-04-09,1190.0,1200.0,1190.0,1197.3,1520800,GOOGL
2019-04-10,1200.0,1200.0,1190.0,1202.6,1520800,GOOGL
2019-04-11,1200.0,1210.0,1200.0,1204.6,1520800,GOOGL
2019-04-12,1210.0,1210.0,1200.0,1208.6,1520800,GOOGL
2019-04-15,1210.0,1220.0,1210.0,1217.9,1520800,GOOGL
2019-04-16,1220.0,1230.0,1215.0,1227.1,1520800,GOOGL
2019-04-17,1230.0,1230.0,1220.0,1228.6,1520800,GOOGL
2019-04-18,1230.0,1240.0,1230.0,1236.4,1841100,GOOGL
2019-04-22,1230.0,1250.0,1230.0,1248.8,1520800,GOOGL
2019-04-23,1250.0,1260.0,1245.0,1258.8,1520800,GOOGL
2019-04-24,1260.0,1260.0,1250.0,1256.0,1520800,GOOGL
2019-04-25,1260.0,1260.0,1250.0,1263.5,1520800,GOOGL
2019-04-26,1260.0,1270.0,1260.0,1272.2,1520800,GOOGL
2019-04-29,1270.0,1280.0,1265.0,1287.6,2093900,GOOGL
2019-04-30,1180.0,1190.0,1180.0,1188.5,4990000,GOOGL
2019-05-01,1180.0,1180.0,1160.0,1168.1,2093900,GOOGL
2019-05-02,1160.0,1170.0,1155.0,1162.6,1520800,GOOGL
2019-05-03,1170.0,1180.0,1165.0,1185.4,1841100,GOOGL
2019-05-06,1150.0,1160.0,1150.0,1159.2,1520800,GOOGL
2019-05-07,1150.0,1150.0,1130.0,1140.4,1841100,GOOGL
2019-05-08,1140.0,1150.0,1135.0,1148.2,1520800,GOOGL
2019-05-09,1140.0,1140.0,1120.0,1138.8,1520800,GOOGL
2019-05-10,1130.0,1140.0,1120.0,1139.5,1520800,GOOGL
2019-05-13,1110.0,1120.0,1100.0,1109.9,1841100,GOOGL
2019-05-14,1110.0,1120.0,1105.0,1118.4,1520800,GOOGL
2019-05-15,1110.0,1140.0,1110.0,1139.8,1841100,GOOGL
2019-05-16,1130.0,1160.0,1130.0,1158.8,1841100,GOOGL
2019-05-17,1150.0,1150.0,1130.0,1135.6,1520800,GOOGL
2019-05-20,1120.0,1130.0,1120.0,1128.8,1520800,GOOGL
2019-05-21,1130.0,1140.0,1130.0,1138.8,1520800,GOOGL
2019-05-22,1130.0,1140.0,1130.0,1139.5,1520800,GOOGL
2019-05-23,1130.0,1130.0,1110.0,1120.8,1520800,GOOGL
2019-05-24,1120.0,1130.0,1115.0,1128.4,1520800,GOOGL
2019-05-28,1130.0,1140.0,1125.0,1138.8,1520800,GOOGL
2019-05-29,1130.0,1130.0,1110.0,1116.5,1520800,GOOGL
2019-05-30,1110.0,1120.0,1110.0,1117.9,1520800,GOOGL
2019-05-31,1100.0,1100.0,1090.0,1098.4,1520800,GOOGL
2019-06-03,1060.0,1060.0,1020.0,1036.2,2093900,GOOGL
2019-06-04,1040.0,1050.0,1030.0,1053.1,1841100,GOOGL
2019-06-05,1050.0,1050.0,1030.0,1042.2,1520800,GOOGL
2019-06-06,1040.0,1040.0,1030.0,1044.4,1520800,GOOGL
2019-06-07,1050.0,1070.0,1050.0,1066.2,1841100,GOOGL
2019-06-10,1070.0,1090.0,1070.0,1080.4,1520800,GOOGL
2019-06-11,1090.0,1100.0,1080.0,1078.8,1520800,GOOGL
2019-06-12,1070.0,1080.0,1065.0,1077.0,1520800,GOOGL
2019-06-13,1080.0,1090.0,1080.0,1088.4,1520800,GOOGL
2019-06-14,1080.0,1090.0,1080.0,1085.9,1520800,GOOGL
2019-06-17,1080.0,1100.0,1080.0,1092.5,1520800,GOOGL
2019-06-18,1100.0,1110.0,1095.0,1103.6,1520800,GOOGL
2019-06-19,1100.0,1100.0,1090.0,1095.8,1520800,GOOGL
2019-06-20,1100.0,1120.0,1100.0,1111.6,1520800,GOOGL
2019-06-21,1110.0,1120.0,1105.0,1121.8,1841100,GOOGL
2019-06-24,1120.0,1120.0,1110.0,1115.5,1520800,GOOGL
2019-06-25,1110.0,1110.0,1080.0,1086.3,1841100,GOOGL
2019-06-26,1080.0,1090.0,1070.0,1079.8,1520800,GOOGL
2019-06-27,1080.0,1080.0,1070.0,1076.0,1520800,GOOGL
2019-06-28,1070.0,1080.0,1070.0,1080.9,1520800,GOOGL
2019-07-01,1090.0,1100.0,1090.0,1097.9,1520800,GOOGL
2019-07-02,1100.0,1110.0,1095.0,1111.2,1520800,GOOGL
2019-07-03,1110.0,1120.0,1110.0,1121.6,1520800,GOOGL
2019-07-05,1120.0,1130.0,1115.0,1131.6,1520800,GOOGL
2019-07-08,1130.0,1130.0,1120.0,1124.8,1520800,GOOGL
2019-07-09,1120.0,1140.0,1120.0,1138.8,1520800,GOOGL
2019-07-10,1140.0,1140.0,1130.0,1140.4,1520800,GOOGL
2019-07-11,1140.0,1150.0,1140.0,1144.2,1520800,GOOGL
2019-07-12,1140.0,1140.0,1130.0,1144.9,1520800,GOOGL
2019-07-15,1140.0,1150.0,1140.0,1150.3,1520800,GOOGL
2019-07-16,1150.0,1150.0,1140.0,1149.6,1520800,GOOGL
2019-07-17,1150.0,1150.0,1140.0,1146.4,1520800,GOOGL
2019-07-18,1140.0,1140.0,1130.0,1146.3,1520800,GOOGL
2019-07-19,1150.0,1150.0,1120.0,1130.1,1841100,GOOGL
2019-07-22,1130.0,1130.0,1120.0,1138.1,1520800,GOOGL
2019-07-23,1140.0,1140.0,1125.0,1137.9,1520800,GOOGL
2019-07-24,1130.0,1140.0,1125.0,1137.2,1520800,GOOGL
2019-07-25,1130.0,1140.0,1120.0,1133.0,1520800,GOOGL
2019-07-26,1220.0,1240.0,1220.0,1240.1,2093900,GOOGL
2019-07-29,1240.0,1240.0,1220.0,1239.4,1520800,GOOGL
2019-07-30,1220.0,1230.0,1220.0,1225.1,1520800,GOOGL
2019-07-31,1220.0,1230.0,1210.0,1216.6,1841100,GOOGL
2019-08-01,1210.0,1230.0,1205.0,1209.0,1520800,GOOGL
2019-08-02,1200.0,1200.0,1180.0,1194.0,1841100,GOOGL
2019-08-05,1170.0,1170.0,1140.0,1152.4,2093900,GOOGL
2019-08-06,1160.0,1170.0,1155.0,1169.9,1520800,GOOGL
2019-08-07,1150.0,1160.0,1140.0,1164.3,1520800,GOOGL
2019-08-08,1170.0,1200.0,1170.0,1204.8,1841100,GOOGL
2019-08-09,1190.0,1200.0,1185.0,1199.0,1520800,GOOGL
2019-08-12,1190.0,1190.0,1170.0,1184.8,1520800,GOOGL
2019-08-13,1180.0,1200.0,1180.0,1207.1,1520800,GOOGL
2019-08-14,1180.0,1180.0,1150.0,1164.3,1841100,GOOGL
2019-08-15,1160.0,1170.0,1155.0,1167.3,1520800,GOOGL
2019-08-16,1170.0,1170.0,1160.0,1177.6,1520800,GOOGL
2019-08-19,1190.0,1200.0,1190.0,1201.5,1520800,GOOGL
2019-08-20,1190.0,1200.0,1185.0,1191.2,1520800,GOOGL
2019-08-21,1200.0,1200.0,1185.0,1191.2,1520800,GOOGL
2019-08-22,1190.0,1200.0,1180.0,1189.5,1520800,GOOGL
2019-08-23,1180.0,1190.0,1150.0,1151.3,1841100,GOOGL
2019-08-26,1160.0,1170.0,1155.0,1168.9,1520800,GOOGL
2019-08-27,1180.0,1180.0,1155.0,1167.8,1520800,GOOGL
2019-08-28,1160.0,1170.0,1155.0,1171.0,1520800,GOOGL
2019-08-29,1180.0,1190.0,1175.0,1192.8,1520800,GOOGL
2019-08-30,1190.0,1190.0,1170.0,1188.1,1520800,GOOGL
2019-09-03,1170.0,1180.0,1160.0,1168.4,1520800,GOOGL
2019-09-04,1180.0,1180.0,1170.0,1181.4,1520800,GOOGL
2019-09-05,1200.0,1210.0,1195.0,1211.3,1520800,GOOGL
2019-09-06,1210.0,1210.0,1200.0,1205.0,1520800,GOOGL
2019-09-09,1200.0,1220.0,1200.0,1204.4,1520800,GOOGL
2019-09-10,1200.0,1210.0,1195.0,1206.0,1520800,GOOGL
2019-09-11,1200.0,1220.0,1200.0,1220.1,1520800,GOOGL
2019-09-12,1220.0,1240.0,1220.0,1234.2,1841100,GOOGL
2019-09-13,1230.0,1240.0,1225.0,1239.6,1520800,GOOGL
2019-09-16,1230.0,1230.0,1220.0,1231.1,1520800,GOOGL
2019-09-17,1230.0,1230.0,1220.0,1229.1,1520800,GOOGL
2019-09-18,1230.0,1230.0,1215.0,1232.4,1520800,GOOGL
2019-09-19,1230.0,1240.0,1230.0,1238.7,1520800,GOOGL
2019-09-20,1230.0,1240.0,1220.0,1229.9,1841100,GOOGL
2019-09-23,1220.0,1230.0,1220.0,1226.7,1520800,GOOGL
2019-09-24,1230.0,1240.0,1210.0,1218.8,1841100,GOOGL
2019-09-25,1210.0,1240.0,1210.0,1246.5,1520800,GOOGL
2019-09-26,1240.0,1240.0,1230.0,1241.3,1520800,GOOGL
2019-09-27,1240.0,1240.0,1210.0,1225.1,1841100,GOOGL
2019-09-30,1220.0,1220.0,1210.0,1219.0,1520800,GOOGL
2019-10-01,1220.0,1230.0,1200.0,1205.1,1520800,GOOGL
2019-10-02,1190.0,1190.0,1170.0,1176.6,1841100,GOOGL
2019-10-03,1180.0,1190.0,1160.0,1187.8,1520800,GOOGL
2019-10-04,1190.0,1210.0,1190.0,1209.4,1520800,GOOGL
2019-10-07,1200.0,1220.0,1200.0,1207.7,1520800,GOOGL
2019-10-08,1200.0,1200.0,1180.0,1189.6,1520800,GOOGL
2019-10-09,1190.0,1200.0,1190.0,1202.2,1520800,GOOGL
2019-10-10,1200.0,1220.0,1200.0,1208.7,1520800,GOOGL
2019-10-11,1220.0,1230.0,1215.0,1215.4,1520800,GOOGL
2019-10-14,1210.0,1220.0,1210.0,1217.6,1520800,GOOGL
2019-10-15,1220.0,1240.0,1220.0,1243.4,1520800,GOOGL
2019-10-16,1240.0,1250.0,1240.0,1243.6,1520800,GOOGL
2019-10-17,1250.0,1260.0,1250.0,1253.1,1520800,GOOGL
2019-10-18,1250.0,1260.0,1240.0,1245.2,1520800,GOOGL
2019-10-21,1240.0,1250.0,1240.0,1246.1,1520800,GOOGL